Workbook

Sheet Product Info
A1: Product Id | B1: Product Desc | C1: Package Qty | D1: Weight | E1: Weight Unit of Measure
A2: 1 | B2: Wrench | C2: 1 | D2: 2.2 | E2: LB
A3: 2 | B3: Saw | C3: 1 | D3: 1.2 | E3: LB
A4: 3 | B4: Drill | C4: 1 | D4: 8.3 | E4: LB
A5: 4 | B5: Hammer | C5: 1 | D5: 2 | E5: LB

Sheet Carrier Rates
A1: Carrier | B1: Supplier | C1: Str Nbr | D1: Cost | E1: Key
A2: X | B2: A | C2: 1 | D2: 2540 | E2: =A2&"-"&B2&"-"&C2 -> X-A-1
A3: X | B3: A | C3: 2 | D3: 1640 | E3: =A3&"-"&B3&"-"&C3 -> X-A-2
A4: X | B4: B | C4: 1 | D4: 1200 | E4: =A4&"-"&B4&"-"&C4 -> X-B-1
A5: X | B5: B | C5: 2 | D5: 1200 | E5: =A5&"-"&B5&"-"&C5 -> X-B-2
A6: Y | B6: A | C6: 1 | D6: 0.12 | E6: =A6&"-"&B6&"-"&C6 -> Y-A-1
A7: Y | B7: A | C7: 2 | D7: 0.07 | E7: =A7&"-"&B7&"-"&C7 -> Y-A-2
A8: Y | B8: B | C8: 1 | D8: 0.07 | E8: =A8&"-"&B8&"-"&C8 -> Y-B-1
A9: Y | B9: B | C9: 2 | D9: 0.06 | E9: =A9&"-"&B9&"-"&C9 -> Y-B-2

Sheet Historical Orders
A1: Order Dt | B1: Str Nbr | C1: Supplier | D1: Product Id | E1: Order Qty | F1: Product Weight | G1: Order Weight
A2: 41855 | B2: 1 | C2: A | D2: 1 | E2: 4338 | F2: 2.2 | G2: 9543.6
A3: 41855 | B3: 1 | C3: A | D3: 2 | E3: 5006 | F3: 1.2 | G3: 6007.2
A4: 41855 | B4: 2 | C4: A | D4: 1 | E4: 3600 | F4: 2.2 | G4: 7920
A5: 41855 | B5: 2 | C5: A | D5: 2 | E5: 5173 | F5: 1.2 | G5: 6207.6
A6: 41855 | B6: 1 | C6: B | D6: 3 | E6: 1890 | F6: 8.3 | G6: 15687
A7: 41855 | B7: 2 | C7: B | D7: 3 | E7: 2536 | F7: 8.3 | G7: 21048.8
A8: 41862 | B8: 1 | C8: A | D8: 1 | E8: 4598 | F8: 2.2 | G8: 10115.6
A9: 41862 | B9: 1 | C9: A | D9: 2 | E9: 5463 | F9: 1.2 | G9: 6555.6
A10: 41862 | B10: 2 | C10: A | D10: 1 | E10: 3234 | F10: 2.2 | G10: 7114.8
A11: 41862 | B11: 2 | C11: A | D11: 2 | E11: 5048 | F11: 1.2 | G11: 6057.6
A12: 41862 | B12: 1 | C12: B | D12: 3 | E12: 1738 | F12: 8.3 | G12: 14425.4
A13: 41862 | B13: 2 | C13: B | D13: 3 | E13: 2016 | F13: 8.3 | G13: 16732.8
... A313: 42212 | B313: 2 | C313: B | D313: 3 | E313: 2888 | F313: 8.3 | G313: 23970.4
E315: create new order qty and its weight later add it into the final count (as it has 10% increase)

Sheet Historical Shipments
A1: Shipment Date | B1: Str Nbr | C1: Supplier | D1: Key | E1: Weight(2014 total weight)
A2: 41855 | B2: 1 | C2: A | D2: =TEXT(A2,"yyyy-mm-dd")&"-"&B2&"-"&C2 -> 2014-08-04-1-A | E2: 15550.8
A3: 41855 | B3: 1 | C3: B | D3: =TEXT(A3,"yyyy-mm-dd")&"-"&B3&"-"&C3 -> 2014-08-04-1-B | E3: 15687
A4: 41855 | B4: 2 | C4: A | D4: =TEXT(A4,"yyyy-mm-dd")&"-"&B4&"-"&C4 -> 2014-08-04-2-A | E4: 14127.6
A5: 41855 | B5: 2 | C5: B | D5: =TEXT(A5,"yyyy-mm-dd")&"-"&B5&"-"&C5 -> 2014-08-04-2-B | E5: 21048.8
A6: 41862 | B6: 1 | C6: A | D6: =TEXT(A6,"yyyy-mm-dd")&"-"&B6&"-"&C6 -> 2014-08-11-1-A | E6: 16671.2
A7: 41862 | B7: 1 | C7: B | D7: =TEXT(A7,"yyyy-mm-dd")&"-"&B7&"-"&C7 -> 2014-08-11-1-B | E7: 14425.4
A8: 41862 | B8: 2 | C8: A | D8: =TEXT(A8,"yyyy-mm-dd")&"-"&B8&"-"&C8 -> 2014-08-11-2-A | E8: 13172.4
A9: 41862 | B9: 2 | C9: B | D9: =TEXT(A9,"yyyy-mm-dd")&"-"&B9&"-"&C9 -> 2014-08-11-2-B | E9: 16732.8
A10: 41869 | B10: 1 | C10: A | D10: =TEXT(A10,"yyyy-mm-dd")&"-"&B10&"-"&C10 -> 2014-08-18-1-A | E10: 15800
A11: 41869 | B11: 1 | C11: B | D11: =TEXT(A11,"yyyy-mm-dd")&"-"&B11&"-"&C11 -> 2014-08-18-1-B | E11: 14790.6
A12: 41869 | B12: 2 | C12: A | D12: =TEXT(A12,"yyyy-mm-dd")&"-"&B12&"-"&C12 -> 2014-08-18-2-A | E12: 11660.2
A13: 41869 | B13: 2 | C13: B | D13: =TEXT(A13,"yyyy-mm-dd")&"-"&B13&"-"&C13 -> 2014-08-18-2-B | E13: 19729.1
... A209: 42212 | B209: 2 | C209: B | D209: =TEXT(A209,"yyyy-mm-dd")&"-"&B209&"-"&C209 -> 2015-07-27-2-B | E209: 23970.4

Sheet Weekly Hammer Demand
A1: Order Dt | B1: Str Nbr | C1: Supplier | D1: Order Qty (Wrench) | E1: Hammer Order Qty (forecast) | F1: Hammer Weight per Unit | G1: Hammer shipment Weight
A2: 41855 | B2: 1 | C2: A | D2: 4338 | E2: =D2*1.1 -> 4771.8 | F2: =2 -> 2 | G2: =E2*F2 -> 9543.6
A3: 41855 | B3: 2 | C3: A | D3: 3600 | E3: =D3*1.1 -> 3960 | F3: =2 -> 2 | G3: =E3*F3 -> 7920
A4: 41862 | B4: 1 | C4: A | D4: 4598 | E4: =D4*1.1 -> 5057.8 | F4: =2 -> 2 | G4: =E4*F4 -> 10115.6
A5: 41862 | B5: 2 | C5: A | D5: 3234 | E5: =D5*1.1 -> 3557.4 | F5: =2 -> 2 | G5: =E5*F5 -> 7114.8
A6: 41869 | B6: 1 | C6: A | D6: 4268 | E6: =D6*1.1 -> 4694.8 | F6: =2 -> 2 | G6: =E6*F6 -> 9389.6
A7: 41869 | B7: 2 | C7: A | D7: 2623 | E7: =D7*1.1 -> 2885.3 | F7: =2 -> 2 | G7: =E7*F7 -> 5770.6
A8: 41876 | B8: 1 | C8: A | D8: 3453 | E8: =D8*1.1 -> 3798.3 | F8: =2 -> 2 | G8: =E8*F8 -> 7596.6
A9: 41876 | B9: 2 | C9: A | D9: 1902 | E9: =D9*1.1 -> 2092.2 | F9: =2 -> 2 | G9: =E9*F9 -> 4184.4
A10: 41883 | B10: 1 | C10: A | D10: 3530 | E10: =D10*1.1 -> 3883 | F10: =2 -> 2 | G10: =E10*F10 -> 7766
A11: 41883 | B11: 2 | C11: A | D11: 2567 | E11: =D11*1.1 -> 2823.7 | F11: =2 -> 2 | G11: =E11*F11 -> 5647.4
A12: 41890 | B12: 1 | C12: A | D12: 3288 | E12: =D12*1.1 -> 3616.8 | F12: =2 -> 2 | G12: =E12*F12 -> 7233.6
A13: 41890 | B13: 2 | C13: A | D13: 2056 | E13: =D13*1.1 -> 2261.6 | F13: =2 -> 2 | G13: =E13*F13 -> 4523.2
... A105: 42212 | B105: 2 | C105: A | D105: 3924 | E105: =D105*1.1 -> 4316.4 | F105: =2 -> 2 | G105: =E105*F105 -> 8632.8

Sheet Supplier A
A1: Order Week | B1: Store no. | C1: Supplier | D1: Wrench Qty | E1: Hammer Qty (forecast) | F1: Hammer Weight | G1: Hammer shipment Weight | H1: Key | I1: Current Shipment Weight (A only) | J1: Projected Base Weight (A only) | K1: Total Shipment Weight 2015 (With hammers) | L1: Carrier X Rate (Flat) | M1: Carrier Y Rate (Var) | N1: Carrier X Cost (Flat) | O1: Carrier Y Cost (Var) | P1: Weekly Shipping Cost | Q1: Hammer Cost | R1: Total Weekly Hammer Cost | U1: Carrier X Cost for projected base weight | V1: Carrier Y Cost for projected base weight | W1: Weekly Shipping Cost for projected Base weight
A2: 41855 | B2: 1 | C2: A | D2: 4338 | E2: =D2*1.1 -> 4771.8 | F2: =2 -> 2 | G2: =E2*F2 -> 9543.6 | H2: =TEXT(A2,"yyyy-mm-dd")&"-"&B2&"-"&"A" -> 2014-08-04-1-A | I2: =VLOOKUP(H2,'Historical Shipments'!$D$2:$E$10000,2,FALSE) -> 15550.8 | J2: =I2*1.1 -> 17105.88 | K2: =J2+G2 -> 26649.48 | L2: {=INDEX('Carrier Rates'!$D$2:$D$1000, MATCH("X"&"-"&"A"&"-"&B2, 'Carrier Rates'!$E$2:$E$1000, 0))} -> 2540 | M2: {=INDEX('Carrier Rates'!$D$2:$D$1000, MATCH("Y"&"-"&"A"&"-"&B2, 'Carrier Rates'!$E$2:$E$1000, 0))} -> 0.12 | N2: =L2 -> 2540 | O2: =M2*K2 -> 3197.9376 | P2: =MIN(N2,O2) -> 2540 | Q2: =0.8 -> 0.8 | R2: =E2*Q2 -> 3817.44 | U2: =IF(J2 < 44000, L2, "") -> 2540 | V2: =J2 * M2 -> 2052.7056 | W2: =MIN(U2,V2) -> 2052.7056
A3: 41855 | B3: 2 | C3: A | D3: 3600 | E3: =D3*1.1 -> 3960 | F3: =2 -> 2 | G3: =E3*F3 -> 7920 | H3: =TEXT(A3,"yyyy-mm-dd")&"-"&B3&"-"&"A" -> 2014-08-04-2-A | I3: =VLOOKUP(H3,'Historical Shipments'!$D$2:$E$10000,2,FALSE) -> 14127.6 | J3: =I3*1.1 -> 15540.36 | K3: =J3+G3 -> 23460.36 | L3: {=INDEX('Carrier Rates'!$D$2:$D$1000, MATCH("X"&"-"&"A"&"-"&B3, 'Carrier Rates'!$E$2:$E$1000, 0))} -> 1640 | M3: {=INDEX('Carrier Rates'!$D$2:$D$1000, MATCH("Y"&"-"&"A"&"-"&B3, 'Carrier Rates'!$E$2:$E$1000, 0))} -> 0.07 | N3: =L3 -> 1640 | O3: =M3*K3 -> 1642.2252 | P3: =MIN(N3,O3) -> 1640 | Q3: =0.8 -> 0.8 | R3: =E3*Q3 -> 3168 | U3: =IF(J3 < 44000, L3, "") -> 1640 | V3: =J3 * M3 -> 1087.8252 | W3: =MIN(U3,V3) -> 1087.8252
A4: 41862 | B4: 1 | C4: A | D4: 4598 | E4: =D4*1.1 -> 5057.8 | F4: =2 -> 2 | G4: =E4*F4 -> 10115.6 | H4: =TEXT(A4,"yyyy-mm-dd")&"-"&B4&"-"&"A" -> 2014-08-11-1-A | I4: =VLOOKUP(H4,'Historical Shipments'!$D$2:$E$10000,2,FALSE) -> 16671.2 | J4: =I4*1.1 -> 18338.32 | K4: =J4+G4 -> 28453.92 | L4: {=INDEX('Carrier Rates'!$D$2:$D$1000, MATCH("X"&"-"&"A"&"-"&B4, 'Carrier Rates'!$E$2:$E$1000, 0))} -> 2540 | M4: {=INDEX('Carrier Rates'!$D$2:$D$1000, MATCH("Y"&"-"&"A"&"-"&B4, 'Carrier Rates'!$E$2:$E$1000, 0))} -> 0.12 | N4: =L4 -> 2540 | O4: =M4*K4 -> 3414.4704 | P4: =MIN(N4,O4) -> 2540 | Q4: =0.8 -> 0.8 | R4: =E4*Q4 -> 4046.24 | U4: =IF(J4 < 44000, L4, "") -> 2540 | V4: =J4 * M4 -> 2200.5984 | W4: =MIN(U4,V4) -> 2200.5984
A5: 41862 | B5: 2 | C5: A | D5: 3234 | E5: =D5*1.1 -> 3557.4 | F5: =2 -> 2 | G5: =E5*F5 -> 7114.8 | H5: =TEXT(A5,"yyyy-mm-dd")&"-"&B5&"-"&"A" -> 2014-08-11-2-A | I5: =VLOOKUP(H5,'Historical Shipments'!$D$2:$E$10000,2,FALSE) -> 13172.4 | J5: =I5*1.1 -> 14489.64 | K5: =J5+G5 -> 21604.44 | L5: {=INDEX('Carrier Rates'!$D$2:$D$1000, MATCH("X"&"-"&"A"&"-"&B5, 'Carrier Rates'!$E$2:$E$1000, 0))} -> 1640 | M5: {=INDEX('Carrier Rates'!$D$2:$D$1000, MATCH("Y"&"-"&"A"&"-"&B5, 'Carrier Rates'!$E$2:$E$1000, 0))} -> 0.07 | N5: =L5 -> 1640 | O5: =M5*K5 -> 1512.3108 | P5: =MIN(N5,O5) -> 1512.3108 | Q5: =0.8 -> 0.8 | R5: =E5*Q5 -> 2845.92 | U5: =IF(J5 < 44000, L5, "") -> 1640 | V5: =J5 * M5 -> 1014.2748 | W5: =MIN(U5,V5) -> 1014.2748
A6: 41869 | B6: 1 | C6: A | D6: 4268 | E6: =D6*1.1 -> 4694.8 | F6: =2 -> 2 | G6: =E6*F6 -> 9389.6 | H6: =TEXT(A6,"yyyy-mm-dd")&"-"&B6&"-"&"A" -> 2014-08-18-1-A | I6: =VLOOKUP(H6,'Historical Shipments'!$D$2:$E$10000,2,FALSE) -> 15800 | J6: =I6*1.1 -> 17380 | K6: =J6+G6 -> 26769.6 | L6: {=INDEX('Carrier Rates'!$D$2:$D$1000, MATCH("X"&"-"&"A"&"-"&B6, 'Carrier Rates'!$E$2:$E$1000, 0))} -> 2540 | M6: {=INDEX('Carrier Rates'!$D$2:$D$1000, MATCH("Y"&"-"&"A"&"-"&B6, 'Carrier Rates'!$E$2:$E$1000, 0))} -> 0.12 | N6: =L6 -> 2540 | O6: =M6*K6 -> 3212.352 | P6: =MIN(N6,O6) -> 2540 | Q6: =0.8 -> 0.8 | R6: =E6*Q6 -> 3755.84 | U6: =IF(J6 < 44000, L6, "") -> 2540 | V6: =J6 * M6 -> 2085.6 | W6: =MIN(U6,V6) -> 2085.6
A7: 41869 | B7: 2 | C7: A | D7: 2623 | E7: =D7*1.1 -> 2885.3 | F7: =2 -> 2 | G7: =E7*F7 -> 5770.6 | H7: =TEXT(A7,"yyyy-mm-dd")&"-"&B7&"-"&"A" -> 2014-08-18-2-A | I7: =VLOOKUP(H7,'Historical Shipments'!$D$2:$E$10000,2,FALSE) -> 11660.2 | J7: =I7*1.1 -> 12826.22 | K7: =J7+G7 -> 18596.82 | L7: {=INDEX('Carrier Rates'!$D$2:$D$1000, MATCH("X"&"-"&"A"&"-"&B7, 'Carrier Rates'!$E$2:$E$1000, 0))} -> 1640 | M7: {=INDEX('Carrier Rates'!$D$2:$D$1000, MATCH("Y"&"-"&"A"&"-"&B7, 'Carrier Rates'!$E$2:$E$1000, 0))} -> 0.07 | N7: =L7 -> 1640 | O7: =M7*K7 -> 1301.7774 | P7: =MIN(N7,O7) -> 1301.7774 | Q7: =0.8 -> 0.8 | R7: =E7*Q7 -> 2308.24 | U7: =IF(J7 < 44000, L7, "") -> 1640 | V7: =J7 * M7 -> 897.8354 | W7: =MIN(U7,V7) -> 897.8354
A8: 41876 | B8: 1 | C8: A | D8: 3453 | E8: =D8*1.1 -> 3798.3 | F8: =2 -> 2 | G8: =E8*F8 -> 7596.6 | H8: =TEXT(A8,"yyyy-mm-dd")&"-"&B8&"-"&"A" -> 2014-08-25-1-A | I8: =VLOOKUP(H8,'Historical Shipments'!$D$2:$E$10000,2,FALSE) -> 14934.6 | J8: =I8*1.1 -> 16428.06 | K8: =J8+G8 -> 24024.66 | L8: {=INDEX('Carrier Rates'!$D$2:$D$1000, MATCH("X"&"-"&"A"&"-"&B8, 'Carrier Rates'!$E$2:$E$1000, 0))} -> 2540 | M8: {=INDEX('Carrier Rates'!$D$2:$D$1000, MATCH("Y"&"-"&"A"&"-"&B8, 'Carrier Rates'!$E$2:$E$1000, 0))} -> 0.12 | N8: =L8 -> 2540 | O8: =M8*K8 -> 2882.9592 | P8: =MIN(N8,O8) -> 2540 | Q8: =0.8 -> 0.8 | R8: =E8*Q8 -> 3038.64 | U8: =IF(J8 < 44000, L8, "") -> 2540 | V8: =J8 * M8 -> 1971.3672 | W8: =MIN(U8,V8) -> 1971.3672
A9: 41876 | B9: 2 | C9: A | D9: 1902 | E9: =D9*1.1 -> 2092.2 | F9: =2 -> 2 | G9: =E9*F9 -> 4184.4 | H9: =TEXT(A9,"yyyy-mm-dd")&"-"&B9&"-"&"A" -> 2014-08-25-2-A | I9: =VLOOKUP(H9,'Historical Shipments'!$D$2:$E$10000,2,FALSE) -> 11269.2 | J9: =I9*1.1 -> 12396.12 | K9: =J9+G9 -> 16580.52 | L9: {=INDEX('Carrier Rates'!$D$2:$D$1000, MATCH("X"&"-"&"A"&"-"&B9, 'Carrier Rates'!$E$2:$E$1000, 0))} -> 1640 | M9: {=INDEX('Carrier Rates'!$D$2:$D$1000, MATCH("Y"&"-"&"A"&"-"&B9, 'Carrier Rates'!$E$2:$E$1000, 0))} -> 0.07 | N9: =L9 -> 1640 | O9: =M9*K9 -> 1160.6364 | P9: =MIN(N9,O9) -> 1160.6364 | Q9: =0.8 -> 0.8 | R9: =E9*Q9 -> 1673.76 | U9: =IF(J9 < 44000, L9, "") -> 1640 | V9: =J9 * M9 -> 867.7284 | W9: =MIN(U9,V9) -> 867.7284
A10: 41883 | B10: 1 | C10: A | D10: 3530 | E10: =D10*1.1 -> 3883 | F10: =2 -> 2 | G10: =E10*F10 -> 7766 | H10: =TEXT(A10,"yyyy-mm-dd")&"-"&B10&"-"&"A" -> 2014-09-01-1-A | I10: =VLOOKUP(H10,'Historical Shipments'!$D$2:$E$10000,2,FALSE) -> 15082.4 | J10: =I10*1.1 -> 16590.64 | K10: =J10+G10 -> 24356.64 | L10: {=INDEX('Carrier Rates'!$D$2:$D$1000, MATCH("X"&"-"&"A"&"-"&B10, 'Carrier Rates'!$E$2:$E$1000, 0))} -> 2540 | M10: {=INDEX('Carrier Rates'!$D$2:$D$1000, MATCH("Y"&"-"&"A"&"-"&B10, 'Carrier Rates'!$E$2:$E$1000, 0))} -> 0.12 | N10: =L10 -> 2540 | O10: =M10*K10 -> 2922.7968 | P10: =MIN(N10,O10) -> 2540 | Q10: =0.8 -> 0.8 | R10: =E10*Q10 -> 3106.4 | U10: =IF(J10 < 44000, L10, "") -> 2540 | V10: =J10 * M10 -> 1990.8768 | W10: =MIN(U10,V10) -> 1990.8768
A11: 41883 | B11: 2 | C11: A | D11: 2567 | E11: =D11*1.1 -> 2823.7 | F11: =2 -> 2 | G11: =E11*F11 -> 5647.4 | H11: =TEXT(A11,"yyyy-mm-dd")&"-"&B11&"-"&"A" -> 2014-09-01-2-A | I11: =VLOOKUP(H11,'Historical Shipments'!$D$2:$E$10000,2,FALSE) -> 14437.4 | J11: =I11*1.1 -> 15881.14 | K11: =J11+G11 -> 21528.54 | L11: {=INDEX('Carrier Rates'!$D$2:$D$1000, MATCH("X"&"-"&"A"&"-"&B11, 'Carrier Rates'!$E$2:$E$1000, 0))} -> 1640 | M11: {=INDEX('Carrier Rates'!$D$2:$D$1000, MATCH("Y"&"-"&"A"&"-"&B11, 'Carrier Rates'!$E$2:$E$1000, 0))} -> 0.07 | N11: =L11 -> 1640 | O11: =M11*K11 -> 1506.9978 | P11: =MIN(N11,O11) -> 1506.9978 | Q11: =0.8 -> 0.8 | R11: =E11*Q11 -> 2258.96 | U11: =IF(J11 < 44000, L11, "") -> 1640 | V11: =J11 * M11 -> 1111.6798 | W11: =MIN(U11,V11) -> 1111.6798
A12: 41890 | B12: 1 | C12: A | D12: 3288 | E12: =D12*1.1 -> 3616.8 | F12: =2 -> 2 | G12: =E12*F12 -> 7233.6 | H12: =TEXT(A12,"yyyy-mm-dd")&"-"&B12&"-"&"A" -> 2014-09-08-1-A | I12: =VLOOKUP(H12,'Historical Shipments'!$D$2:$E$10000,2,FALSE) -> 13352.4 | J12: =I12*1.1 -> 14687.64 | K12: =J12+G12 -> 21921.24 | L12: {=INDEX('Carrier Rates'!$D$2:$D$1000, MATCH("X"&"-"&"A"&"-"&B12, 'Carrier Rates'!$E$2:$E$1000, 0))} -> 2540 | M12: {=INDEX('Carrier Rates'!$D$2:$D$1000, MATCH("Y"&"-"&"A"&"-"&B12, 'Carrier Rates'!$E$2:$E$1000, 0))} -> 0.12 | N12: =L12 -> 2540 | O12: =M12*K12 -> 2630.5488 | P12: =MIN(N12,O12) -> 2540 | Q12: =0.8 -> 0.8 | R12: =E12*Q12 -> 2893.44 | U12: =IF(J12 < 44000, L12, "") -> 2540 | V12: =J12 * M12 -> 1762.5168 | W12: =MIN(U12,V12) -> 1762.5168
A13: 41890 | B13: 2 | C13: A | D13: 2056 | E13: =D13*1.1 -> 2261.6 | F13: =2 -> 2 | G13: =E13*F13 -> 4523.2 | H13: =TEXT(A13,"yyyy-mm-dd")&"-"&B13&"-"&"A" -> 2014-09-08-2-A | I13: =VLOOKUP(H13,'Historical Shipments'!$D$2:$E$10000,2,FALSE) -> 11696.8 | J13: =I13*1.1 -> 12866.48 | K13: =J13+G13 -> 17389.68 | L13: {=INDEX('Carrier Rates'!$D$2:$D$1000, MATCH("X"&"-"&"A"&"-"&B13, 'Carrier Rates'!$E$2:$E$1000, 0))} -> 1640 | M13: {=INDEX('Carrier Rates'!$D$2:$D$1000, MATCH("Y"&"-"&"A"&"-"&B13, 'Carrier Rates'!$E$2:$E$1000, 0))} -> 0.07 | N13: =L13 -> 1640 | O13: =M13*K13 -> 1217.2776 | P13: =MIN(N13,O13) -> 1217.2776 | Q13: =0.8 -> 0.8 | R13: =E13*Q13 -> 1809.28 | U13: =IF(J13 < 44000, L13, "") -> 1640 | V13: =J13 * M13 -> 900.6536 | W13: =MIN(U13,V13) -> 900.6536
... A105: 42212 | B105: 2 | C105: A | D105: 3924 | E105: =D105*1.1 -> 4316.4 | F105: =2 -> 2 | G105: =E105*F105 -> 8632.8 | H105: =TEXT(A105,"yyyy-mm-dd")&"-"&B105&"-"&"A" -> 2015-07-27-2-A | I105: =VLOOKUP(H105,'Historical Shipments'!$D$2:$E$10000,2,FALSE) -> 17474.4 | J105: =I105*1.1 -> 19221.84 | K105: =J105+G105 -> 27854.64 | L105: {=INDEX('Carrier Rates'!$D$2:$D$1000, MATCH("X"&"-"&"A"&"-"&B105, 'Carrier Rates'!$E$2:$E$1000, 0))} -> 1640 | M105: {=INDEX('Carrier Rates'!$D$2:$D$1000, MATCH("Y"&"-"&"A"&"-"&B105, 'Carrier Rates'!$E$2:$E$1000, 0))} -> 0.07 | N105: =L105 -> 1640 | O105: =M105*K105 -> 1949.8248 | P105: =MIN(N105,O105) -> 1640 | Q105: =0.8 -> 0.8 | R105: =E105*Q105 -> 3453.12 | U105: =IF(J105 < 44000, L105, "") -> 1640 | V105: =J105 * M105 -> 1345.5288 | W105: =MIN(U105,V105) -> 1345.5288
V106: Supplier A baseline shipping cost anually | W106: =SUM(W1:W105) -> 172594.29

Sheet Supplier B
A1: Order Week | B1: Store no. | C1: Supplier | D1: Wrench Qty | E1: Hammer Qty (forecast) | F1: Hammer Weight | G1: Hammer shipment Weight | H1: Key | I1: Current Shipment Weight (B only) | J1: Projected Base Weight (B only) | K1: Total Shipment Weight 2015 (With hammers) | L1: Carrier X Rate (Flat) | M1: Carrier Y Rate (Var) | N1: Carrier X Cost (Flat) | O1: Carrier Y Cost (Var) | P1: Weekly Shipping Cost | Q1: Hammer Cost | R1: Total Weekly Hammer Cost | U1: Carrier X Cost for projected base weight | V1: Carrier Y Cost for projected base weight | W1: Weekly Shipping Cost for projected Base weight
A2: 41855 | B2: 1 | C2: B | D2: 4338 | E2: =D2*1.1 -> 4771.8 | F2: =2 -> 2 | G2: =E2*F2 -> 9543.6 | H2: =TEXT(A2,"yyyy-mm-dd")&"-"&B2&"-"&"B" -> 2014-08-04-1-B | I2: =VLOOKUP(H2,'Historical Shipments'!$D$2:$E$10000,2,FALSE) -> 15687 | J2: =I2*1.1 -> 17255.7 | K2: =J2+G2 -> 26799.3 | L2: {=INDEX('Carrier Rates'!$D$2:$D$1000, MATCH("X"&"-"&"B"&"-"&B2, 'Carrier Rates'!$E$2:$E$1000, 0))} -> 1200 | M2: {=INDEX('Carrier Rates'!$D$2:$D$1000, MATCH("Y"&"-"&"B"&"-"&B2, 'Carrier Rates'!$E$2:$E$1000, 0))} -> 0.07 | N2: =L2 -> 1200 | O2: =M2*K2 -> 1875.951 | P2: =MIN(N2,O2) -> 1200 | Q2: =0.82 -> 0.82 | R2: =E2*Q2 -> 3912.876 | U2: =IF(J2 < 44000, L2, "") -> 1200 | V2: =J2 * M2 -> 1207.899 | W2: =MIN(U2,V2) -> 1200
A3: 41855 | B3: 2 | C3: B | D3: 3600 | E3: =D3*1.1 -> 3960 | F3: =2 -> 2 | G3: =E3*F3 -> 7920 | H3: =TEXT(A3,"yyyy-mm-dd")&"-"&B3&"-"&"B" -> 2014-08-04-2-B | I3: =VLOOKUP(H3,'Historical Shipments'!$D$2:$E$10000,2,FALSE) -> 21048.8 | J3: =I3*1.1 -> 23153.68 | K3: =J3+G3 -> 31073.68 | L3: {=INDEX('Carrier Rates'!$D$2:$D$1000, MATCH("X"&"-"&"B"&"-"&B3, 'Carrier Rates'!$E$2:$E$1000, 0))} -> 1200 | M3: {=INDEX('Carrier Rates'!$D$2:$D$1000, MATCH("Y"&"-"&"B"&"-"&B3, 'Carrier Rates'!$E$2:$E$1000, 0))} -> 0.06 | N3: =L3 -> 1200 | O3: =M3*K3 -> 1864.4208 | P3: =MIN(N3,O3) -> 1200 | Q3: =0.82 -> 0.82 | R3: =E3*Q3 -> 3247.2 | U3: =IF(J3 < 44000, L3, "") -> 1200 | V3: =J3 * M3 -> 1389.2208 | W3: =MIN(U3,V3) -> 1200
A4: 41862 | B4: 1 | C4: B | D4: 4598 | E4: =D4*1.1 -> 5057.8 | F4: =2 -> 2 | G4: =E4*F4 -> 10115.6 | H4: =TEXT(A4,"yyyy-mm-dd")&"-"&B4&"-"&"B" -> 2014-08-11-1-B | I4: =VLOOKUP(H4,'Historical Shipments'!$D$2:$E$10000,2,FALSE) -> 14425.4 | J4: =I4*1.1 -> 15867.94 | K4: =J4+G4 -> 25983.54 | L4: {=INDEX('Carrier Rates'!$D$2:$D$1000, MATCH("X"&"-"&"B"&"-"&B4, 'Carrier Rates'!$E$2:$E$1000, 0))} -> 1200 | M4: {=INDEX('Carrier Rates'!$D$2:$D$1000, MATCH("Y"&"-"&"B"&"-"&B4, 'Carrier Rates'!$E$2:$E$1000, 0))} -> 0.07 | N4: =L4 -> 1200 | O4: =M4*K4 -> 1818.8478 | P4: =MIN(N4,O4) -> 1200 | Q4: =0.82 -> 0.82 | R4: =E4*Q4 -> 4147.396 | U4: =IF(J4 < 44000, L4, "") -> 1200 | V4: =J4 * M4 -> 1110.7558 | W4: =MIN(U4,V4) -> 1110.7558
A5: 41862 | B5: 2 | C5: B | D5: 3234 | E5: =D5*1.1 -> 3557.4 | F5: =2 -> 2 | G5: =E5*F5 -> 7114.8 | H5: =TEXT(A5,"yyyy-mm-dd")&"-"&B5&"-"&"B" -> 2014-08-11-2-B | I5: =VLOOKUP(H5,'Historical Shipments'!$D$2:$E$10000,2,FALSE) -> 16732.8 | J5: =I5*1.1 -> 18406.08 | K5: =J5+G5 -> 25520.88 | L5: {=INDEX('Carrier Rates'!$D$2:$D$1000, MATCH("X"&"-"&"B"&"-"&B5, 'Carrier Rates'!$E$2:$E$1000, 0))} -> 1200 | M5: {=INDEX('Carrier Rates'!$D$2:$D$1000, MATCH("Y"&"-"&"B"&"-"&B5, 'Carrier Rates'!$E$2:$E$1000, 0))} -> 0.06 | N5: =L5 -> 1200 | O5: =M5*K5 -> 1531.2528 | P5: =MIN(N5,O5) -> 1200 | Q5: =0.82 -> 0.82 | R5: =E5*Q5 -> 2917.068 | U5: =IF(J5 < 44000, L5, "") -> 1200 | V5: =J5 * M5 -> 1104.3648 | W5: =MIN(U5,V5) -> 1104.3648
A6: 41869 | B6: 1 | C6: B | D6: 4268 | E6: =D6*1.1 -> 4694.8 | F6: =2 -> 2 | G6: =E6*F6 -> 9389.6 | H6: =TEXT(A6,"yyyy-mm-dd")&"-"&B6&"-"&"B" -> 2014-08-18-1-B | I6: =VLOOKUP(H6,'Historical Shipments'!$D$2:$E$10000,2,FALSE) -> 14790.6 | J6: =I6*1.1 -> 16269.66 | K6: =J6+G6 -> 25659.26 | L6: {=INDEX('Carrier Rates'!$D$2:$D$1000, MATCH("X"&"-"&"B"&"-"&B6, 'Carrier Rates'!$E$2:$E$1000, 0))} -> 1200 | M6: {=INDEX('Carrier Rates'!$D$2:$D$1000, MATCH("Y"&"-"&"B"&"-"&B6, 'Carrier Rates'!$E$2:$E$1000, 0))} -> 0.07 | N6: =L6 -> 1200 | O6: =M6*K6 -> 1796.1482 | P6: =MIN(N6,O6) -> 1200 | Q6: =0.82 -> 0.82 | R6: =E6*Q6 -> 3849.736 | U6: =IF(J6 < 44000, L6, "") -> 1200 | V6: =J6 * M6 -> 1138.8762 | W6: =MIN(U6,V6) -> 1138.8762
A7: 41869 | B7: 2 | C7: B | D7: 2623 | E7: =D7*1.1 -> 2885.3 | F7: =2 -> 2 | G7: =E7*F7 -> 5770.6 | H7: =TEXT(A7,"yyyy-mm-dd")&"-"&B7&"-"&"B" -> 2014-08-18-2-B | I7: =VLOOKUP(H7,'Historical Shipments'!$D$2:$E$10000,2,FALSE) -> 19729.1 | J7: =I7*1.1 -> 21702.01 | K7: =J7+G7 -> 27472.61 | L7: {=INDEX('Carrier Rates'!$D$2:$D$1000, MATCH("X"&"-"&"B"&"-"&B7, 'Carrier Rates'!$E$2:$E$1000, 0))} -> 1200 | M7: {=INDEX('Carrier Rates'!$D$2:$D$1000, MATCH("Y"&"-"&"B"&"-"&B7, 'Carrier Rates'!$E$2:$E$1000, 0))} -> 0.06 | N7: =L7 -> 1200 | O7: =M7*K7 -> 1648.3566 | P7: =MIN(N7,O7) -> 1200 | Q7: =0.82 -> 0.82 | R7: =E7*Q7 -> 2365.946 | U7: =IF(J7 < 44000, L7, "") -> 1200 | V7: =J7 * M7 -> 1302.1206 | W7: =MIN(U7,V7) -> 1200
A8: 41876 | B8: 1 | C8: B | D8: 3453 | E8: =D8*1.1 -> 3798.3 | F8: =2 -> 2 | G8: =E8*F8 -> 7596.6 | H8: =TEXT(A8,"yyyy-mm-dd")&"-"&B8&"-"&"B" -> 2014-08-25-1-B | I8: =VLOOKUP(H8,'Historical Shipments'!$D$2:$E$10000,2,FALSE) -> 20774.9 | J8: =I8*1.1 -> 22852.39 | K8: =J8+G8 -> 30448.99 | L8: {=INDEX('Carrier Rates'!$D$2:$D$1000, MATCH("X"&"-"&"B"&"-"&B8, 'Carrier Rates'!$E$2:$E$1000, 0))} -> 1200 | M8: {=INDEX('Carrier Rates'!$D$2:$D$1000, MATCH("Y"&"-"&"B"&"-"&B8, 'Carrier Rates'!$E$2:$E$1000, 0))} -> 0.07 | N8: =L8 -> 1200 | O8: =M8*K8 -> 2131.4293 | P8: =MIN(N8,O8) -> 1200 | Q8: =0.82 -> 0.82 | R8: =E8*Q8 -> 3114.606 | U8: =IF(J8 < 44000, L8, "") -> 1200 | V8: =J8 * M8 -> 1599.6673 | W8: =MIN(U8,V8) -> 1200
A9: 41876 | B9: 2 | C9: B | D9: 1902 | E9: =D9*1.1 -> 2092.2 | F9: =2 -> 2 | G9: =E9*F9 -> 4184.4 | H9: =TEXT(A9,"yyyy-mm-dd")&"-"&B9&"-"&"B" -> 2014-08-25-2-B | I9: =VLOOKUP(H9,'Historical Shipments'!$D$2:$E$10000,2,FALSE) -> 28693.1 | J9: =I9*1.1 -> 31562.41 | K9: =J9+G9 -> 35746.81 | L9: {=INDEX('Carrier Rates'!$D$2:$D$1000, MATCH("X"&"-"&"B"&"-"&B9, 'Carrier Rates'!$E$2:$E$1000, 0))} -> 1200 | M9: {=INDEX('Carrier Rates'!$D$2:$D$1000, MATCH("Y"&"-"&"B"&"-"&B9, 'Carrier Rates'!$E$2:$E$1000, 0))} -> 0.06 | N9: =L9 -> 1200 | O9: =M9*K9 -> 2144.8086 | P9: =MIN(N9,O9) -> 1200 | Q9: =0.82 -> 0.82 | R9: =E9*Q9 -> 1715.604 | U9: =IF(J9 < 44000, L9, "") -> 1200 | V9: =J9 * M9 -> 1893.7446 | W9: =MIN(U9,V9) -> 1200
A10: 41883 | B10: 1 | C10: B | D10: 3530 | E10: =D10*1.1 -> 3883 | F10: =2 -> 2 | G10: =E10*F10 -> 7766 | H10: =TEXT(A10,"yyyy-mm-dd")&"-"&B10&"-"&"B" -> 2014-09-01-1-B | I10: =VLOOKUP(H10,'Historical Shipments'!$D$2:$E$10000,2,FALSE) -> 16151.8 | J10: =I10*1.1 -> 17766.98 | K10: =J10+G10 -> 25532.98 | L10: {=INDEX('Carrier Rates'!$D$2:$D$1000, MATCH("X"&"-"&"B"&"-"&B10, 'Carrier Rates'!$E$2:$E$1000, 0))} -> 1200 | M10: {=INDEX('Carrier Rates'!$D$2:$D$1000, MATCH("Y"&"-"&"B"&"-"&B10, 'Carrier Rates'!$E$2:$E$1000, 0))} -> 0.07 | N10: =L10 -> 1200 | O10: =M10*K10 -> 1787.3086 | P10: =MIN(N10,O10) -> 1200 | Q10: =0.82 -> 0.82 | R10: =E10*Q10 -> 3184.06 | U10: =IF(J10 < 44000, L10, "") -> 1200 | V10: =J10 * M10 -> 1243.6886 | W10: =MIN(U10,V10) -> 1200
A11: 41883 | B11: 2 | C11: B | D11: 2567 | E11: =D11*1.1 -> 2823.7 | F11: =2 -> 2 | G11: =E11*F11 -> 5647.4 | H11: =TEXT(A11,"yyyy-mm-dd")&"-"&B11&"-"&"B" -> 2014-09-01-2-B | I11: =VLOOKUP(H11,'Historical Shipments'!$D$2:$E$10000,2,FALSE) -> 16824.1 | J11: =I11*1.1 -> 18506.51 | K11: =J11+G11 -> 24153.91 | L11: {=INDEX('Carrier Rates'!$D$2:$D$1000, MATCH("X"&"-"&"B"&"-"&B11, 'Carrier Rates'!$E$2:$E$1000, 0))} -> 1200 | M11: {=INDEX('Carrier Rates'!$D$2:$D$1000, MATCH("Y"&"-"&"B"&"-"&B11, 'Carrier Rates'!$E$2:$E$1000, 0))} -> 0.06 | N11: =L11 -> 1200 | O11: =M11*K11 -> 1449.2346 | P11: =MIN(N11,O11) -> 1200 | Q11: =0.82 -> 0.82 | R11: =E11*Q11 -> 2315.434 | U11: =IF(J11 < 44000, L11, "") -> 1200 | V11: =J11 * M11 -> 1110.3906 | W11: =MIN(U11,V11) -> 1110.3906
A12: 41890 | B12: 1 | C12: B | D12: 3288 | E12: =D12*1.1 -> 3616.8 | F12: =2 -> 2 | G12: =E12*F12 -> 7233.6 | H12: =TEXT(A12,"yyyy-mm-dd")&"-"&B12&"-"&"B" -> 2014-09-08-1-B | I12: =VLOOKUP(H12,'Historical Shipments'!$D$2:$E$10000,2,FALSE) -> 16973.5 | J12: =I12*1.1 -> 18670.85 | K12: =J12+G12 -> 25904.45 | L12: {=INDEX('Carrier Rates'!$D$2:$D$1000, MATCH("X"&"-"&"B"&"-"&B12, 'Carrier Rates'!$E$2:$E$1000, 0))} -> 1200 | M12: {=INDEX('Carrier Rates'!$D$2:$D$1000, MATCH("Y"&"-"&"B"&"-"&B12, 'Carrier Rates'!$E$2:$E$1000, 0))} -> 0.07 | N12: =L12 -> 1200 | O12: =M12*K12 -> 1813.3115 | P12: =MIN(N12,O12) -> 1200 | Q12: =0.82 -> 0.82 | R12: =E12*Q12 -> 2965.776 | U12: =IF(J12 < 44000, L12, "") -> 1200 | V12: =J12 * M12 -> 1306.9595 | W12: =MIN(U12,V12) -> 1200
A13: 41890 | B13: 2 | C13: B | D13: 2056 | E13: =D13*1.1 -> 2261.6 | F13: =2 -> 2 | G13: =E13*F13 -> 4523.2 | H13: =TEXT(A13,"yyyy-mm-dd")&"-"&B13&"-"&"B" -> 2014-09-08-2-B | I13: =VLOOKUP(H13,'Historical Shipments'!$D$2:$E$10000,2,FALSE) -> 18044.2 | J13: =I13*1.1 -> 19848.62 | K13: =J13+G13 -> 24371.82 | L13: {=INDEX('Carrier Rates'!$D$2:$D$1000, MATCH("X"&"-"&"B"&"-"&B13, 'Carrier Rates'!$E$2:$E$1000, 0))} -> 1200 | M13: {=INDEX('Carrier Rates'!$D$2:$D$1000, MATCH("Y"&"-"&"B"&"-"&B13, 'Carrier Rates'!$E$2:$E$1000, 0))} -> 0.06 | N13: =L13 -> 1200 | O13: =M13*K13 -> 1462.3092 | P13: =MIN(N13,O13) -> 1200 | Q13: =0.82 -> 0.82 | R13: =E13*Q13 -> 1854.512 | U13: =IF(J13 < 44000, L13, "") -> 1200 | V13: =J13 * M13 -> 1190.9172 | W13: =MIN(U13,V13) -> 1190.9172
... A105: 42212 | B105: 2 | C105: B | D105: 3924 | E105: =D105*1.1 -> 4316.4 | F105: =2 -> 2 | G105: =E105*F105 -> 8632.8 | H105: =TEXT(A105,"yyyy-mm-dd")&"-"&B105&"-"&"B" -> 2015-07-27-2-B | I105: =VLOOKUP(H105,'Historical Shipments'!$D$2:$E$10000,2,FALSE) -> 23970.4 | J105: =I105*1.1 -> 26367.44 | K105: =J105+G105 -> 35000.24 | L105: {=INDEX('Carrier Rates'!$D$2:$D$1000, MATCH("X"&"-"&"B"&"-"&B105, 'Carrier Rates'!$E$2:$E$1000, 0))} -> 1200 | M105: {=INDEX('Carrier Rates'!$D$2:$D$1000, MATCH("Y"&"-"&"B"&"-"&B105, 'Carrier Rates'!$E$2:$E$1000, 0))} -> 0.06 | N105: =L105 -> 1200 | O105: =M105*K105 -> 2100.0144 | P105: =MIN(N105,O105) -> 1200 | Q105: =0.82 -> 0.82 | R105: =E105*Q105 -> 3539.448 | U105: =IF(J105 < 44000, L105, "") -> 1200 | V105: =J105 * M105 -> 1582.0464 | W105: =MIN(U105,V105) -> 1200
V106: Supplier A baseline shipping cost anually | W106: =SUM(W1:W105) -> 123099.93

Sheet Summary  Hammer
A3: Component | B3: Scenario A : Supplier A ships hammers | C3: Scenario B : Supplier B ships hammers
A4: Hammer Supplier | B4: A | C4: B
A5: Hammer Price per Unit | B5: 0.8 | C5: 0.82
A6: Total Hammer Demand (annual units) | B6: =SUM('Supplier A'!E:E) -> 451731.5 | C6: =SUM('Supplier B'!E:E) -> 451731.5
A7: Hammer Product Cost | B7: =B5*B6 -> 361385.2 | C7: =C5*C6 -> 370419.83
A8: Transportation Cost for all products from this supplier (w/ hammers) | B8: =SUM('Supplier A'!P:P) -> 210905.2 | C8: =SUM('Supplier B'!P:P) -> 124800
A9: Hammer Cost including transportation | B9: =B7+B8 -> 572290.4 | C9: =C7+C8 -> 495219.83
A11: Difference in cost from Supplier A - Supplier B | C11: =B9-C9 -> 77070.573
A12: Recommendation | C12: ="Choose Supplier B saves $"&TEXT(C11,"#,##0")&" / yr ("&TEXT(C11/B9,"0.0%")&" lower total cost)." -> Choose Supplier B saves $77,071 / yr (13.5% lower total cost).
A16: Note : Below summary is based on whole values
B17: Hammer Cost Per Unit | C17: Hammer Product Cost | D17: Transportation Cost | E17: Total Cost
A18: Supplier A | B18: 0.8 | C18: =B7 -> 361385.2 | D18: =B8 -> 210905.2 | E18: =SUM(C18+D18) -> 572290.4
A19: Supplier B | B19: 0.82 | C19: =C7 -> 370419.83 | D19: =C8 -> 124800 | E19: =SUM(C19+D19) -> 495219.83
A20: Diff | E20: =E18-E19 -> 77070.573

Sheet Summary  Total shipping cost
A3: Component | B3: Scenario A : Supplier A ships hammers | C3: Scenario B : Supplier B ships hammers
A4: Hammer Supplier | B4: A | C4: B
A5: Hammer Price per Unit | B5: 0.8 | C5: 0.82
A6: Total Hammer Demand (annual units) | B6: =SUM('Supplier A'!E:E) -> 451731.5 | C6: =SUM('Supplier B'!E:E) -> 451731.5
A7: Hammer Product Cost | B7: =B5*B6 -> 361385.2 | C7: =C5*C6 -> 370419.83
A9: Transportation Cost for all products from this supplier (w/ hammers) | B9: =SUM('Supplier A'!P:P) -> 210905.2 | C9: =SUM('Supplier B'!P:P) -> 124800
A10: Transportation Cost for products from other supplier | B10: =SUM('Supplier B'!W:W) -> 246199.87 | C10: =SUM('Supplier A'!W:W) -> 345188.57
A12: Total Transportation Cost | B12: =B9+B10 -> 457105.07 | C12: =C9+C10 -> 469988.57
A14: Hammer Cost including transportation | B14: =B7+B12 -> 818490.27 | C14: =C7+C12 -> 840408.4
A16: Difference in cost from Supplier A - Supplier B | C16: =B14-C14 -> -21918.132
A17: Recommendation | C17: ="Choose Supplier B saves $"&TEXT(C16,"#,##0")&" / yr ("&TEXT(C16/B14,"0.0%")&" lower total cost)." -> Choose Supplier B saves $-21,918 / yr (-2.7% lower total cost).
A20: Note : Below summary is based on whole values
B21: Hammer Cost Per Unit | C21: Hammer Product Cost | D21: Total transportation Cost for all products | E21: Total Cost (product price and supplier for other products are already fixed)
A22: Supplier A | B22: 0.8 | C22: =B7 -> 361385.2 | D22: =B12 -> 457105.07 | E22: =SUM(C22+D22) -> 818490.27
A23: Supplier B | B23: 0.82 | C23: =C7 -> 370419.83 | D23: =C12 -> 469988.57 | E23: =SUM(C23+D23) -> 840408.4
A24: Diff | E24: =E22-E23 -> -21918.132
